7.4792189,12.5986562,2.5,-0.6240230529767568
7.514243193912038,12.57344200314093,2.5,-0.649691237944332
7.5425386492808615,12.551918311197515,2.5,-0.6805212246672144
7.565603216425327,12.533203926679313,2.5,-0.7162564758913783
7.584934845664293,12.516417652095882,2.5,-0.7427411286488879
7.602031487316616,12.500678289956777,2.5,-0.7604033697785281
7.618391091701154,12.485104642771551,2.5,-0.7614506464752406
7.6355103336774,12.468816212722137,2.5,-0.7497967737706814
7.654384998428572,12.451207272536516,2.5,-0.744604480529583
7.674750649669178,12.432363408334657,2.5,-0.7490945080851481
7.696147777534015,12.412477216775097,2.5,-0.7549625997360049
7.718116872157883,12.391741294516367,2.5,-0.7693075981677996
7.740198423675579,12.370348238216998,2.5,-0.7899852871868456
7.761932922221906,12.348490644535527,2.5,-0.8132978988799018
7.782864259303854,12.326360159158407,2.5,-0.8422090038477916
7.802770055239818,12.304083080741483,2.5,-0.8673398756692752
7.82180837048749,12.281679342647928,2.5,-0.8853088880213789
7.840172210151921,12.259159108247536,2.5,-0.9009307522269548
7.858054579338158,12.236532540910094,2.5,-0.9112798743152717
7.875648483151248,12.2138098040054,2.5,-0.9161613704992588
7.893146926696241,12.191001060903242,2.5,-0.9155229086768901
7.910736943599235,12.168115325772998,2.5,-0.9148906165228377
7.928448798390857,12.145131442852756,2.5,-0.9169863048553689
7.946144369325878,12.121995850743783,2.5,-0.9266088763111672
7.963677236021286,12.098653390989384,2.5,-0.940992991374478
7.98090097809407,12.075048905132872,2.5,-0.9581073811917297
7.997669175161221,12.051127234717548,2.5,-0.982793723247329
8.013835406839727,12.026833221286726,2.5,-1.013289509195853
8.029263749890033,12.002116411223128,2.5,-1.0409896356072286
8.043958027476293,11.976988985510145,2.5,-1.0656978197358993
8.058021416366254,11.951507655602947,2.5,-1.0887176253999915
8.071559216029168,11.925730084355513,2.5,-1.1040765308389842
8.084676725934306,11.899713934621817,2.5,-1.1163509120245914
8.097479245550925,11.873516869255832,2.5,-1.1240182829965837
8.110072074348288,11.847196551111539,2.5,-1.1285849437450628
8.122542849169445,11.820803180168435,2.5,-1.136236988682563
8.13484337484836,11.794329564191454,2.5,-1.147004900936614
8.146862440765037,11.767741885435974,2.5,-1.1609429213239402
8.158488490322792,11.741006179974105,2.5,-1.1794416196851227
8.169609966924943,11.714088483877948,2.5,-1.2011521422706786
8.180115313974804,11.686954833219602,2.5,-1.2273100655564617
8.189892974875695,11.659571264071179,2.5,-1.2566460603634382
8.198856417846134,11.63191307878803,2.5,-1.2849389467867665
8.207037128404028,11.603999279617645,2.5,-1.3099724511087631
8.214501349859638,11.57586173905436,2.5,-1.3349840735960996
8.221315330398548,11.547532331397775,2.5,-1.3565899768082161
8.227545318206339,11.51904293094748,2.5,-1.3740732617999252
8.233257561468593,11.49042541200307,2.5,-1.388184636019539
8.238518287145464,11.461711644221676,2.5,-1.4056476493802699
8.243367561265996,11.432927775295624,2.5,-1.4191908393566237
8.247768336650156,11.404083086580702,2.5,-1.4366585733042265
8.251669427836651,11.37518376708298,2.5,-1.4536875822280324
8.255019649364193,11.346236005808533,2.5,-1.4779605027112295
8.257767815771484,11.317245991763434,2.5,-1.4985087103999346
8.25986274159723,11.288219913953759,2.5,-1.5227234276387132
8.261253614827364,11.259163959171417,2.5,-1.5467459821095553
8.261930526345242,11.230084071695984,2.5,-1.5707963267948966
8.261960800591524,11.200985737891044,2.5,-1.5879767668102027
8.261420335340228,11.171874393289087,2.5,-1.6051470705929216
8.260385028365386,11.1427554734226,2.5,-1.6222971377461222
8.258930777441014,11.11363441382407,2.5,-1.6325732883552462
8.257133480341142,11.084516650025982,2.5,-1.6428363921817246
8.255067203767107,11.055407773064875,2.5,-1.6496701592675767
8.252741785831413,11.026318828596956,2.5,-1.6633149479145435
8.250087443498341,10.997267624112876,2.5,-1.6772884830723696
8.247029439539897,10.968272387838569,2.5,-1.6913166575640621
8.24349303672809,10.939351347999983,2.5,-1.712207236566187
8.23940349783493,10.910522732823054,2.5,-1.733118556111552
8.234686085632429,10.88180477053373,2.5,-1.7574106332263624
8.229270090473168,10.853215088484339,2.5,-1.7816500242685758
8.223151370373127,10.824761382816293,2.5,-1.8066085799936935
8.216380455330018,10.796443193173472,2.5,-1.827421717857153
8.209009494843396,10.768259817586733,2.5,-1.845790993112078
8.20109063841282,10.74021055408693,2.5,-1.863239314246933
8.192676035537842,10.712294700704922,2.5,-1.8806297855626624
8.183817835718022,10.684511555471563,2.5,-1.8947113799757693
8.174564518127648,10.656860897018104,2.5,-1.9066610361838592
8.16493072391331,10.629346934800953,2.5,-1.9207389760055353
8.154912835072224,10.60197626916935,2.5,-1.9359977765830696
8.144507055877215,10.574755523744162,2.5,-1.9500296301201692
8.1337095906011,10.547691322146255,2.5,-1.9653234549485206
8.122516643516706,10.520790287996498,2.5,-1.980649732265853
8.110924418896852,10.494059044915753,2.5,-1.9945877526531792
8.098929842250932,10.467504252214537,2.5,-2.009908982732967
8.086533856141651,10.441132767983099,2.5,-2.025241741565202
8.073738793455213,10.41495151911042,2.5,-2.0405788281535786
8.060546988422471,10.388967432552018,2.5,-2.055913029299815
8.046960775274274,10.363187435263404,2.5,-2.0712371399421907
8.032982488241474,10.337618454200097,2.5,-2.086543983436801
8.01861446165263,10.31226741623676,2.5,-2.103564416642885
8.003860049689179,10.287140404293732,2.5,-2.1159272174114063
7.9887261406756345,10.262240576697652,2.5,-2.131213161038631
7.973220387958698,10.237570458699745,2.5,-2.148323123096986
7.957350444885074,10.213132575551235,2.5,-2.1607036899436642
7.941123964801461,10.18892945250335,2.5,-2.1759075270546693
7.924548601054568,10.16496361480731,2.5,-2.1902470909028398
7.907632006830802,10.141237585406754,2.5,-2.205387458902177
7.890381803592284,10.11775343053224,2.5,-2.2197918857913974
7.872805543097703,10.094512212941517,2.5,-2.2321404285284645
7.854910767839204,10.071514861988238,2.5,-2.244466605615994
7.836705020308939,10.048762307026058,2.5,-2.258941291940779
7.818195842999051,10.026255477408624,2.5,-2.271241301357974
7.799390778401691,10.003995302489596,2.5,-2.285751628338769
7.780297373185684,9.981982689755883,2.5,-2.2980078193787405
7.7609233783999,9.96021747667569,2.5,-2.3099986692623893
7.741276837828301,9.93869796812132,2.5,-2.322226977513922
7.721365817820729,9.917422350822825,2.5,-2.336779454290027
7.701198384727026,9.89638881151026,2.5,-2.346486057358236
7.680782604897035,9.875595536913673,2.5,-2.358615792966591
7.6601265446806,9.85504071376312,2.5,-2.3707565675850835
7.639238241252239,9.83472250649251,2.5,-2.380461570173804
7.618125121321291,9.814638613010656,2.5,-2.3901620028707677
7.5967940329971,9.794786289053079,2.5,-2.4023903111223004
7.575251801592465,9.77516277293388,2.5,-2.4120972536022682
7.5535052524201864,9.755765302967168,2.5,-2.4217936620233838
7.531561210793063,9.736591117467048,2.5,-2.4314777335107887
7.509426502023892,9.717637454747628,2.5,-2.443774756684553
7.487107931456743,9.69890146854459,2.5,-2.453447688443911
7.464612081658853,9.680379369012906,2.5,-2.4631023984581035
7.441945395793513,9.662066775856193,2.5,-2.4706070585195814
7.4191143148873415,9.643959299728085,2.5,-2.4802485518562256
7.396125279966952,9.626052551282218,2.5,-2.4877826316502656
7.372984732058964,9.608342141172233,2.5,-2.4974052031060636
7.349699112189991,9.59082368005176,2.5,-2.5049642888176793
7.326274696988705,9.573492754649038,2.5,-2.5145622583761256
7.302716677981002,9.556344793773551,2.5,-2.5193503444180156
7.279029806900154,9.539375162230245,2.5,-2.526929701667628
7.255218834227881,9.522579224641923,2.5,-2.5345265827692005
7.231288510445893,9.505952345631387,2.5,-2.539305307454829
7.20724358603591,9.489489889821439,2.5,-2.548837234119053
7.1830888114796485,9.473187221834882,2.5,-2.5564444666476502
7.158829198923902,9.457039273469716,2.5,-2.561194466195919
7.134470828905581,9.441039209281069,2.5,-2.56593510188645
7.1100200546038845,9.425179742841683,2.5,-2.5717005578415164
7.085483229198099,9.409453587724144,2.5,-2.5764432135830337
7.060866705867505,9.393853457501052,2.5,-2.5811758193460586
7.036176837791388,9.378372065744998,2.5,-2.5858981957255804
7.011419978254452,9.363002123899294,2.5,-2.5888135708152937
6.9866025270631225,9.347735403741211,2.5,-2.5935307389134534
6.961731003386369,9.332561266111448,2.5,-2.5964617629732833
6.936811945269234,9.317468690583489,2.5,-2.601173153319209
6.911851890756766,9.30244665673083,2.5,-2.601173153319209
6.886857377894007,9.287484144126958,2.5,-2.6041195207508667
6.861834944726002,9.272570132345368,2.5,-2.6041195207508667
6.836791080915261,9.25769367831322,2.5,-2.608824563741805
6.811728770084937,9.242849444389483,2.5,-2.608824563741805
6.786645183041444,9.22804138642489,2.5,-2.608824563741805
6.761536943556082,9.213274334866192,2.5,-2.6117859624021253
6.7364006754001435,9.198553120160138,2.5,-2.613518205163434
6.711233002344924,9.183882572753483,2.5,-2.6164840887062213
6.686030548161719,9.169267523092977,2.5,-2.6164840887062213
6.660790022326212,9.154712696052751,2.5,-2.6211704872923596
6.6355104627655335,9.140219948267248,2.5,-2.624150841059137
6.610193453531801,9.125787999995994,2.5,-2.625844996947889
6.584840708025245,9.111415412164556,2.5,-2.628829431382799
6.559453939646098,9.097100745698494,2.5,-2.628829431382799
6.534034861794594,9.082842561523377,2.5,-2.631823928574476
6.5085851878709615,9.068639420564761,2.5,-2.636494146530796
6.483106805078165,9.05448949953484,2.5,-2.636494146530796
6.457603975684548,9.040385724757195,2.5,-2.636494146530796
6.432082681394205,9.026317221520701,2.5,-2.639502454567799
6.4065489422837745,9.0122730302868,2.5,-2.639502454567799
6.38100877842989,8.998242191516923,2.5,-2.639502454567799
6.355468209909183,8.98421374567251,2.5,-2.639502454567799
6.329933256798289,8.970176733214998,2.5,-2.636494146530796
6.304409622593324,8.95612074912925,2.5,-2.636494146530796
6.2789005214230045,8.942039748783857,2.5,-2.636494146530796
6.253407990305693,8.927929749377583,2.5,-2.636494146530796
6.227934059257798,8.913786780373846,2.5,-2.633495813422639
6.202480758295728,8.899606871236061,2.5,-2.631823928574476
6.177050117435889,8.885386051427647,2.5,-2.628829431382799
6.151644166694687,8.871120350412019,2.5,-2.628829431382799
6.126264789911548,8.856806175915649,2.5,-2.625844996947889
6.100913167157031,8.842441756811894,2.5,-2.624150841059137
6.0755902669715995,8.828025869351825,2.5,-2.6211704872923596
6.050297057854269,8.813557289893742,2.5,-2.6211704872923596
6.025034508304063,8.799034794795961,2.5,-2.6164840887062213
5.9998035868199935,8.784457160416787,2.5,-2.6164840887062213
5.974605262011321,8.769823162925372,2.5,-2.613518205163434
5.9494406666008235,8.755131296888289,2.5,-2.608824563741805
5.9243114268574075,8.740379209995787,2.5,-2.608824563741805
5.899219261449889,8.72556439138901,2.5,-2.605873471230653
5.8741658890470845,8.710684330209101,2.5,-2.6041195207508667
5.849153028317807,8.6957365155972,2.5,-2.601173153319209
5.8241823979308744,8.68071843669445,2.5,-2.5964617629732833
5.799255715201743,8.6656275855658,2.5,-2.5935307389134534
5.774374539116587,8.650461796331124,2.5,-2.5917394709132084
5.749540124039388,8.635219561216806,2.5,-2.5888135708152937
5.72475368973316,8.619899447201226,2.5,-2.5840858359907495
5.700016455960916,8.604500021262771,2.5,-2.5811758193460586
5.675329642485669,8.589019850379827,2.5,-2.5764432135830337
5.65069446907043,8.573457501530783,2.5,-2.5764432135830337
5.62611216059089,8.557811537324561,2.5,-2.5717005578415164
5.601584128388971,8.542080361010072,2.5,-2.5688124707175395
5.577112019153977,8.526262174700811,2.5,-2.5640658572877038
5.55269749463052,8.510355167643523,2.5,-2.561194466195919
5.528342216563216,8.494357529084947,2.5,-2.5564444666476502
5.504047846696675,8.47826744827183,2.5,-2.551685290441026
5.479816046775516,8.46208311445091,2.5,-2.548837234119053
5.4556484828702,8.445802721528132,2.5,-2.544075589292177
5.431546894601729,8.429424542627691,2.5,-2.539305307454829
5.407513083092068,8.41294691711395,2.5,-2.5364814533300204
5.383548851354919,8.39636818638878,2.5,-2.5317096224092004
5.359656002403979,8.379686691854053,2.5,-2.526929701667628
5.335836339252948,8.362900774911633,2.5,-2.5221418894818504
5.312091664915522,8.346008776963393,2.5,-2.5193503444180156
5.288423802988137,8.32900903722758,2.5,-2.5145622583761256
5.264834771294843,8.311899874316852,2.5,-2.5097668384473217
5.2413266944405885,8.2946795955155,2.5,-2.5049642888176793
5.217901698136343,8.277346507990465,2.5,-2.500154815596311
5.194561908093081,8.259898918908698,2.5,-2.4946669006506146
5.171309450021776,8.242335135437143,2.5,-2.489866918736958
5.148146449633399,8.22465346474275,2.5,-2.4850607323310125
5.125075083318952,8.206852205137878,2.5,-2.4802485518562256
5.102097815731575,8.188929604571031,2.5,-2.475430589371577
5.0792172133027425,8.170883893208451,2.5,-2.467922374768696
5.056435842579911,8.152713301196133,2.5,-2.4631023984581035
5.03375627011054,8.134416058680056,2.5,-2.458277430604971
5.011181062442086,8.115990395806206,2.5,-2.4508017253120746
4.9887127861281675,8.097434542719911,2.5,-2.4459767997333395
4.966354107800899,8.078746718922865,2.5,-2.438932007932352
4.944108048054296,8.059925106271857,2.5,-2.4314777335107887
4.921977705699342,8.040967878305082,2.5,-2.4266373520459212
4.899966179547024,8.02187320856073,2.5,-2.4217936620233838
4.878076568408326,8.00263927057699,2.5,-2.414381161005949
4.856311971094232,7.983264237892057,2.5,-2.407244985953355
4.834675487313133,7.963746284017266,2.5,-2.3998560449445683
4.813170410384008,7.944083576670733,2.5,-2.3950099362738086
4.7918004672591294,7.924274270595374,2.5,-2.385312471699384
4.770569443822714,7.904316518770738,2.5,-2.380461570173804
4.749481125958981,7.884208474176381,2.5,-2.3707565675850835
4.728539299552153,7.8639482897918525,2.5,-2.3659029230264537
4.707747750486446,7.843534118596704,2.5,-2.356194490192345
4.687110271745607,7.822964113642872,2.5,-2.3513401593906695
4.666631019851137,7.802236431688774,2.5,-2.341632412799606
4.646314681570725,7.781349234899005,2.5,-2.3343001790695665
4.6261659856096,7.760300685865733,2.5,-2.3270765086853062
4.606189660672994,7.73908894718113,2.5,-2.3173790441108815
4.58639043546614,7.717712181437367,2.5,-2.3099986692623893
4.566773038694269,7.696168551226613,2.5,-2.300291726782422
4.547342229170795,7.6744562192445835,2.5,-2.2905953183613064
4.528103415607756,7.652573350421977,2.5,-2.2809112468739015
4.509062633800181,7.630518111846022,2.5,-2.273456972452338
4.4902259450863315,7.608288670691787,2.5,-2.2637755898541783
4.471599410804463,7.585883194134346,2.5,-2.2541115497797186
4.453189092292834,7.563299849348763,2.5,-2.244466605615994
4.435001050889704,7.540536803510113,2.5,-2.236958391013113
4.417041370537981,7.51759229384736,2.5,-2.2246063487344245
4.3993163936523825,7.494465358617475,2.5,-2.214983777278626
4.381832627380915,7.471155546601098,2.5,-2.2026221419373684
4.364596581527679,7.447662414810347,2.5,-2.1930386359666745
4.347614765896772,7.423985520257335,2.5,-2.1806793579754893
4.330893690292291,7.400124419954182,2.5,-2.173083672929861
4.31443986451834,7.376078670913004,2.5,-2.1607036899436642
4.298259023063247,7.351848364319596,2.5,-2.148323123096986
4.282351671461891,7.327437193981298,2.5,-2.135945766801656
4.266716154281959,7.30285034255921,2.5,-2.1264907846591097
4.251350809252932,7.278092997425782,2.5,-2.1159272174114063
4.23625397410428,7.253170345953472,2.5,-2.103564416642885
4.221423986565485,7.228087575514739,2.5,-2.095904891678469
4.20685918436602,7.2028498734820365,2.5,-2.0835595490018908
4.1925577054433685,7.177462355643131,2.5,-2.072886525816891
4.178516855036596,7.151929839433213,2.5,-2.0635767953769224
4.164733721478824,7.126257064570915,2.5,-2.052875028189802
4.151205393102633,7.100448770774678,2.5,-2.045196209586804
4.1379289582406065,7.074509697762945,2.5,-2.0329101946670534
4.124901505225329,7.0484445852541615,2.5,-2.025241741565202
4.112120121617212,7.022258172765977,2.5,-2.0144773115237373
4.099581509733768,6.995955099638225,2.5,-2.0068012091529783
4.087281363847343,6.9695397430806505,2.5,-1.9991283637254829
4.075215215381951,6.943016437956225,2.5,-1.9883228197811915
4.0633785957616,6.916389519127927,2.5,-1.980649732265853
4.051767036410303,6.889663321458736,2.5,-1.9729829799129368
4.040376068752071,6.862842179811624,2.5,-1.9653234549485206
4.029201224101829,6.835930424578317,2.5,-1.9576720445259246
4.018238025427373,6.808932044011181,2.5,-1.9500296301201692
4.0074819815997085,6.781850448551553,2.5,-1.942397086932296
3.996928600130886,6.754688992938662,2.5,-1.9359977765830696
3.9865733885329537,6.727451031911738,2.5,-1.9283621783713276
3.976411854317963,6.70013992021002,2.5,-1.9207389760055353
3.9664395049979624,6.672759012572733,2.5,-1.9142825880333314
3.956651851112357,6.645311650871401,2.5,-1.9066610361838592
3.947044488360873,6.6178008150053955,2.5,-1.8990543815219507
3.937613107245624,6.590229081918541,2.5,-1.8958041986615446
3.928353403231446,6.562599007460707,2.5,-1.8882085136159161
3.919261071783177,6.534913147481763,2.5,-1.8816777440142687
3.9103318083656537,6.507174057831575,2.5,-1.8773636662493212
3.901561308443715,6.479384294360012,2.5,-1.8708111743497462
3.8929452590260216,6.4515463929213,2.5,-1.8665223892588911
3.8844792284765974,6.42366260882021,2.5,-1.859949736073586
3.876158697698426,6.395734990549402,2.5,-1.8556872274471687
3.8679791455573973,6.367765581784591,2.5,-1.849095985800008
3.859936050919406,6.339756426201493,2.5,-1.845790993112078
3.852024892650342,6.311709567475822,2.5,-1.841559623537728
3.8442411496160975,6.283627049283292,2.5,-1.8382524692832327
3.836580294349901,6.255510882797587,2.5,-1.8316202024810302
3.8290377484637976,6.227362817842302,2.5,-1.827421717857153
3.8216089090291603,6.199184478287428,2.5,-1.824101192181088
3.814289172959643,6.170977487193468,2.5,-1.8207749482557192
3.8070739371688966,6.14274346762092,2.5,-1.8166062449256442
3.7999585985705733,6.114484042630278,2.5,-1.8132791548378966
3.7929385540783267,6.086200835282045,2.5,-1.8099465796506262
3.786009189170803,6.057895424430357,2.5,-1.8066085799936935
3.77916583312143,6.029569171646709,2.5,-1.8066085799936935
3.772403797963701,6.001223371855078,2.5,-1.802475690940055
3.765718395726564,5.972859319961864,2.5,-1.7991375900780653
3.7591049384389668,5.944478310873469,2.5,-1.7957943020850404
3.752558738129856,5.916081639496295,2.5,-1.7957943020850404
3.7460751068579397,5.8876706007141415,2.5,-1.7924458897735742
3.739649411010998,5.859246448147151,2.5,-1.7924458897735742
3.733277183681137,5.830810308801308,2.5,-1.7890924166085629
3.7269539898278423,5.802363285478901,2.5,-1.788350445928905
3.720675394410598,5.7739064809822125,2.5,-1.7850026767815772
3.71443696238889,5.745440998113529,2.5,-1.7850026767815772
3.708234258722204,5.716967939675135,2.5,-1.7850026767815772
3.702062848375319,5.688488408134702,2.5,-1.7816500242685758
3.695918296975742,5.660003464061536,2.5,-1.7816500242685758
3.6897961714502743,5.631514085882608,2.5,-1.7816500242685758
3.68369203887671,5.603021242478969,2.5,-1.7816500242685758
3.6776014663328414,5.574525902731669,2.5,-1.7816500242685758
3.6715200208964625,5.546029035521758,2.5,-1.7816500242685758
3.665443269645367,5.517531609730287,2.5,-1.7816500242685758
3.659366763680845,5.489034596495832,2.5,-1.7816500242685758
3.653285447836663,5.460539052624252,2.5,-1.7816500242685758
3.6471934878510113,5.432046145009786,2.5,-1.7816500242685758
3.641084998236905,5.4035570477849255,2.5,-1.7816500242685758
3.634954093507358,5.37507293508216,2.5,-1.7850026767815772
3.6287948881753866,5.346594981033989,2.5,-1.7850026767815772
3.6226014967540063,5.318124359772901,2.5,-1.7850026767815772
3.6163680084916634,5.289662260592198,2.5,-1.788350445928905
3.6100880706012712,5.261210138042606,2.5,-1.7890924166085629
3.6037549539892826,5.232769672489466,2.5,-1.7924458897735742
3.5973619175502933,5.204342551506218,2.5,-1.7957943020850404
3.5909022201788976,5.175930462666299,2.5,-1.7957943020850404
3.5843691207696917,5.147535093543151,2.5,-1.7991375900780653
3.577755878217268,5.11915813171021,2.5,-1.802475690940055
3.571055794370508,5.090801282835289,2.5,-1.8066085799936935
3.564262586020154,5.062466427379306,2.5,-1.8099465796506262
3.557370202368119,5.034155543705732,2.5,-1.8132791548378966
3.5503725951736658,5.005870611255321,2.5,-1.8166062449256442
3.5432637161960563,4.977613609468825,2.5,-1.8207749482557192
3.5360375171945546,4.949386517786993,2.5,-1.824101192181088
3.5286879499284214,4.92119131565058,2.5,-1.8307364669834245
3.5212089886786133,4.893030037927835,2.5,-1.8349393100762952
3.513594738553088,4.864905041461668,2.5,-1.841559623537728
3.5058393517792004,4.836818799059203,2.5,-1.845790993112078
3.497936980646935,4.808773783681703,2.5,-1.8523947485752348
3.489881777446278,4.780772468290435,2.5,-1.8556872274471687
3.481667894467215,4.752817325846661,2.5,-1.863239314246933
3.4732894839999524,4.724910829317426,2.5,-1.8665223892588911
3.4647407044727494,4.697055610890491,2.5,-1.874090779418928
3.456015736471808,4.669254877529784,2.5,-1.8816777440142687
3.447108765581603,4.641511965854193,2.5,-1.8882085136159161
3.438013977386611,4.61383021248261,2.5,-1.8958041986615446
3.4287255574713065,4.586212954033925,2.5,-1.903416018368809
3.419237691420164,4.558663527127023,2.5,-1.90989871869084
3.4095445646367204,4.531185269734801,2.5,-1.9175145473384747
3.3996403198265512,4.50378183934639,2.5,-1.9251440263094917
3.389519002206037,4.476457622979466,2.5,-1.9327863018392524
3.3791746434488603,4.4492171089940795,2.5,-1.942397086932296
3.368601275228701,4.42206478575029,2.5,-1.9500296301201692
3.3577929292192423,4.395005141608153,2.5,-1.9576720445259246
3.346743637094163,4.368042664927716,2.5,-1.9684875174574334
3.3354474251643773,4.341181859343884,2.5,-1.9761383606857548
3.3238980321073934,4.314428047761526,2.5,-1.9883228197811915
3.3120887693604426,4.287787769999561,2.5,-1.9991283637254829
3.3000129136991023,4.26126766460416,2.5,-2.0068012091529783
3.2876637418989474,4.234874370121493,2.5,-2.0175743705932097
3.2750345307355513,4.2086145250977305,2.5,-2.0298356734855822
3.2621185569844915,4.182494768079041,2.5,-2.0405788281535786
3.2489090978455715,4.156521786662148,2.5,-2.052875028189802
3.2353994399690853,4.130703361134291,2.5,-2.0635767953769224
3.221582879288451,4.105048345122405,2.5,-2.075894833853894
3.2074527121278447,4.079565637433433,2.5,-2.09121849309233
3.1930022348114377,4.054264136874308,2.5,-2.103564416642885
3.1782247436634044,4.029152742251967,2.5,-2.1159272174114063
3.1631135350079194,4.004240352373351,2.5,-2.131213161038631
3.1476619974719147,3.9795359873046716,2.5,-2.14357650966715
3.1318646016413214,3.955050088495064,2.5,-2.1559445137370394
3.1157165204084993,3.9307940200223106,2.5,-2.173083672929861
3.0992129385641842,3.906779161595233,2.5,-2.188258086028743
3.08234904089911,3.8830168929226536,2.5,-2.2026221419373684
3.0651200122040145,3.859518593713399,2.5,-2.2197918857913974
3.0475210372696324,3.8362956436762907,2.5,-2.236958391013113
3.0295476300731714,3.8133595489796286,2.5,-2.2541115497797186
3.011197573291663,3.790722687329924,2.5,-2.2686142237001365
2.9924696055657516,3.7683978036743504,2.5,-2.285751628338769
2.973362468884333,3.7463976442463363,2.5,-2.3028470975200532
2.9538749052363027,3.724734955279308,2.5,-2.322226977513922
2.934005656610558,3.7034224830066957,2.5,-2.341632412799606
2.913753464995995,3.682472973661927,2.5,-2.356194490192345
2.8931176990063134,3.661899270805666,2.5,-2.3756095260946632
2.872100393166663,3.641714632067403,2.5,-2.3950099362738086
2.8507042908354623,3.6219324251724627,2.5,-2.414381161005949
2.8289321353769186,3.6025660178470713,2.5,-2.4340853664482744
2.80678667015524,3.583628777817454,2.5,-2.453447688443911
2.7842706385346325,3.5651340728098373,2.5,-2.475430589371577
2.7613867853868856,3.547095271043945,2.5,-2.4925970945932923
2.738138711570303,3.529526020942248,2.5,-2.5145622583761256
2.714532302336747,3.512440718711595,2.5,-2.5364814533300204
2.6905738199048996,3.4958538839569684,2.5,-2.5564444666476502
2.6662695264934424,3.4797800362833504,2.5,-2.5793477109411027
2.6416256843210597,3.464233695295726,2.5,-2.601173153319209
2.6166485556064325,3.4492293805990752,2.5,-2.624150841059137
2.5913444249705373,3.4347816030985783,2.5,-2.644163737777621
2.5657213896969293,3.4209041697623097,2.5,-2.667192770797886
2.53979066545923,3.4076096765494617,2.5,-2.690233212533313
2.5135637758233558,3.3949105998510194,2.5,-2.713260616659207
2.4870522443552274,3.3828194160579708,2.5,-2.736250619698935
2.460267594620762,3.371348601561302,2.5,-2.761086276477428
2.433221350185875,3.3605106327519985,2.5,-2.7840268020133623
2.4059251103209456,3.350317852069954,2.5,-2.808972962015881
2.378392680458671,3.3407786983823105,2.5,-2.8317591948220273
2.3506403663348676,3.3318971865321902,2.5,-2.856701752937521
2.3226846085069908,3.32367709280997,2.5,-2.877449670308395
2.294541847532499,3.316122193506028,2.5,-2.9024424007340635
2.266228523968847,3.309236264910742,2.5,-2.9273863036031127
2.237761078373489,3.303023083314489,2.5,-2.9516043656710775
2.2091559294845915,3.297486008604667,2.5,-2.972491427588416
2.180429181643031,3.2926224006586753,2.5,-2.996780155350854
2.151596703201192,3.288425115710406,2.5,-3.0210723228206278
2.122674356779607,3.28488690060608,2.5,-3.0419240010986313
2.0936780049988064,3.2820005021919196,2.5,-3.066134822010443
2.0646235104793202,3.2797586673141454,2.5,-3.0866651418107622
2.0355267358416813,3.2781541428189787,2.5,-3.1072419097917683
2.006403296537731,3.2771798455244734,2.5,-3.13128374044355
1.9772667753617017,3.276830090057362,2.5,3.13128374044355
1.948129756744265,3.2770998775944578,2.5,3.110674674026751
1.9190048182013526,3.277984214067677,2.5,3.090091842638568
1.8899045372488918,3.279478105408932,2.5,3.0695525882029653
1.8608414914028102,3.2815765575501388,2.5,3.048756829506126
1.831828258179039,3.2842745764232095,2.5,3.0282869331224007
1.8028771265322787,3.2875668412721826,2.5,3.0074549000991233
1.773998937372512,3.2914463919709687,2.5,2.9865959116658525
1.745204078359805,3.2959057552571323,2.5,2.969107764674508
1.716502936998116,3.3009374576915067,2.5,2.9482347568586995
1.6879059007914032,3.3065340258349263,2.5,2.9273863036031127
1.659423357243628,3.3126879862482235,2.5,2.909913289444635
1.6310656936265522,3.3193918654236105,2.5,2.8916140321289707
1.6028427681338704,3.326638033491462,2.5,2.870829356846962
1.5747627824716395,3.334418371029744,2.5,2.8524392443111037
1.5468336150318431,3.342724663065336,2.5,2.8350253141353687
1.5190631442064644,3.351548694625118,2.5,2.816584781723145
1.4914592483874778,3.3608822507359712,2.5,2.7981063923513583
1.4640298059668668,3.370717116424777,2.5,2.7796026785454373
1.4367826899830978,3.3810450755381067,2.5,2.7623593502645205
1.409725054481368,3.3918577534039263,2.5,2.7439014629272562
1.3828626170702887,3.403146458654689,2.5,2.7254552775024763
1.3562009245914723,3.4149024622733397,2.5,2.710142502816304
1.3297455238865394,3.4271170352428206,2.5,2.690233212533313
1.30350196179711,3.4397814485460736,2.5,2.6748728576338805
1.2774757851647969,3.452886973166044,2.5,2.6595139521948883
1.2516725193878049,3.466424882547349,2.5,2.641151840442499
1.2260968425975345,3.480386547399667,2.5,2.624150841059137
1.2007523243309621,3.494763465697798,2.5,2.608824563741805
1.1756424592291805,3.5095471440144808,2.5,2.5935307389134534
1.1507707419332815,3.5247290889224554,2.5,2.5764432135830337
1.1261406670843506,3.540300806994466,2.5,2.561194466195919
1.10175572932348,3.556253804803252,2.5,2.5469171271620934
1.0776193957251698,3.572579625770953,2.5,2.5317096224092004
1.0537346368861193,3.5892704769820467,2.5,2.5173463863310293
1.0301039931073501,3.606319140714984,2.5,2.5022067479036205
1.006729990444698,3.6237184182903452,2.5,2.4877826316502656
0.9836151549539928,3.6414611110287116,2.5,2.472737143679005
0.9607620126910698,3.659540020250663,2.5,2.458277430604971
0.9381730897117649,3.6779479472767767,2.5,2.443774756684553
0.9158508541224354,3.6966777309956376,2.5,2.4314777335107887
0.8937972008762413,3.7157225818646813,2.5,2.414381161005949
0.872013697880768,3.7350759223613634,2.5,2.3998560449445683
0.8505019092268117,3.7547311774375185,2.5,2.385312471699384
0.8292633990051754,3.7746817720449783,2.5,2.3756095260946632
0.8082997313066622,3.794921131135574,2.5,2.3610488209940206
0.7876124702220686,3.8154426796611407,2.5,2.346486057358236
0.7672029589089263,3.83623980554714,2.5,2.3319274102108856
0.7470712297461289,3.8573056770446907,2.5,2.322226977513922
0.7272168335628094,3.878633381701627,2.5,2.3076888779519615
0.7076393204483072,3.9002160069418035,2.5,2.2954420928335515
0.6883382404919558,3.9220466401890772,2.5,2.2809112468739015
0.6693131437830945,3.9441183688673025,2.5,2.2686142237001365
0.6505635804040396,3.9664242804007293,2.5,2.258941291940779
0.6320887301272377,3.9889574831633294,2.5,2.244466605615994
0.6138864082662444,4.011711162721252,2.5,2.2321404285284645
0.5959541159466974,4.034678522415344,2.5,2.222522061647732
0.5782893542942289,4.057852765586464,2.5,2.2101822324810696
0.5608896244344764,4.081227095575462,2.5,2.197826722008564
0.5437524274930777,4.104794715723189,2.5,2.188258086028743
0.5268752640238877,4.128548830694507,2.5,2.177862397615489
0.5102554864588821,4.1524829881455,2.5,2.168313391092513
0.4938901024443525,4.176591534118404,2.5,2.1559445137370394
0.4777760706739169,4.200868928010332,2.5,2.148323123096986
0.461910349841198,4.225309629218386,2.5,2.135945766801656
0.446289898639818,4.249908097139667,2.5,2.1264907846591097
0.4309116757633949,4.274658791171288,2.5,2.1159272174114063
0.41577264427487287,4.299556180809483,2.5,2.108269459633823
0.40087001295162694,4.3245953034882545,2.5,2.0988707752212563
0.3862013622620206,4.3497720557582396,2.5,2.0882381393255525
0.3717643035999908,4.375082405650599,2.5,2.080565051810214
0.35755644835947453,4.400522321196498,2.5,2.0712371399421907
0.34357540793440466,4.4260877704271016,2.5,2.0635767953769224
0.3298187937187195,4.451774721373573,2.5,2.052875028189802
0.3162842249346499,4.477579160769227,2.5,2.045196209586804
0.30296950085528124,4.503497505496721,2.5,2.037516122750809
0.28987260080454946,4.529526602588067,2.5,2.0298356734855822
0.2769915119346845,4.555663317777429,2.5,2.022155767851377
0.26432422139792033,4.5819045167989625,2.5,2.0144773115237373
0.25186871634649055,4.608247065386823,2.5,2.0036844097252335
0.23962298393262524,4.634687829275174,2.5,1.9960013457745147
0.22758501902739545,4.661223701462356,2.5,1.9883228197811915
0.21575290927372115,4.68785190263188,2.5,1.980649732265853
0.20412480364337163,4.714569870090693,2.5,1.9729829799129368
0.19269885219867622,4.741375044997758,2.5,1.9653234549485206
0.18147320500196415,4.768264868512037,2.5,1.9576720445259246
0.17044601211556135,4.7952367817924975,2.5,1.9500296301201692
0.15961542360179706,4.822288225998105,2.5,1.9436449084817606
0.14897960785147293,4.8494166855126135,2.5,1.9359977765830696
0.13853686234732374,4.876619949162651,2.5,1.93157261010031
0.12828554003071527,4.903895936565213,2.5,1.9251440263094917
0.11822399405709372,4.93124256784217,2.5,1.9175145473384747
0.10835057758190218,4.958657763115401,2.5,1.90989871869084
0.09866364376058677,4.986139442506777,2.5,1.903416018368809
0.08916154574859354,5.013685526138168,2.5,1.8958041986615446
0.07984261437657306,5.041293976011051,2.5,1.8882085136159161
0.07070508352281243,5.068962936002091,2.5,1.884946593226355
0.06174716075303071,5.0966905993483085,2.5,1.8773636662493212
0.0529670536324453,5.124475159287669,2.5,1.8708111743497462
0.044362969726276236,5.15231480905813,2.5,1.863239314246933
0.03593311659974349,5.180207741897652,2.5,1.859949736073586
0.027675701668435335,5.2081521511129685,2.5,1.8523947485752348
0.019588834950635015,5.236146274775496,2.5,1.845790993112078
0.011670361349115931,5.26418847280616,2.5,1.841559623537728
0.00391808108112468,5.292277125663755,2.5,1.8349393100762952
-0.0036702056360921826,5.3204106138070735,2.5,1.827421717857153
-0.011096698585290315,5.348587317694919,2.5,1.824101192181088
-0.018363597549223155,5.376805617786084,2.5,1.8166062449256442
-0.02547310337535858,5.405063895522648,2.5,1.8132791548378966
-0.032427508142507395,5.433360616600766,2.5,1.8066085799936935
-0.039229263814029906,5.461694394373339,2.5,1.802475690940055
-0.04588083851864224,5.490063857122313,2.5,1.7957943020850404
-0.05238470038506243,5.518467633129647,2.5,1.7924458897735742
-0.058743317542006575,5.546904350677284,2.5,1.7850026767815772
-0.06495915811819082,5.575372638047173,2.5,1.7816500242685758
-0.071034689261416,5.60387112767377,2.5,1.7749303291273817
-0.07697234848951164,5.632398577423502,2.5,1.7708800522126649
-0.08277453913306734,5.660953889886997,2.5,1.767519391789868
-0.08844366262445115,5.689535975690598,2.5,1.7607846147136124
-0.09398212039602935,5.718143745460641,2.5,1.7574106332263624
-0.09939231388016832,5.7467761098234655,2.5,1.7534080175702544
-0.10467664450923599,5.775431979405415,2.5,1.7500365178632917
-0.10983750689179225,5.804110274105963,2.5,1.7432812157101818
-0.11487719463174119,5.832810051083765,2.5,1.7398975527962737
-0.11979792413803708,5.861530472400718,2.5,1.7365099759008242
-0.12460190986591115,5.890270702773703,2.5,1.7325647353940035
-0.1292913662705947,5.919029906919601,2.5,1.729180733083263
-0.13386850780732037,5.9478072495553,2.5,1.7257930687188376
-0.13833554893131902,5.976601895397678,2.5,1.7224018142331694
-0.14269469599690643,6.005413022960315,2.5,1.719007042041538
-0.14694808721610844,6.034239926810104,2.5,1.712207236566187
-0.15109782669304367,6.063081959603202,2.5,1.708330830306297
-0.15514601827786942,6.091938474428298,2.5,1.7049340802855666
-0.15909476582074183,6.120808824374077,2.5,1.7049340802855666
-0.16294617317181717,6.149692362529223,2.5,1.7015342133811868
-0.1667023441812527,6.178588441982425,2.5,1.698131304006322
-0.17036531996595627,6.20749644092617,2.5,1.6947254269892142
-0.17393682023137977,6.236415866171335,2.5,1.6913166575640621
-0.177418462024948,6.265346265609204,2.5,1.687905071361761
-0.18081186234903138,6.294287187149083,2.5,1.6841020472622892
-0.18411863820600038,6.323238178700277,2.5,1.6806965458423861
-0.18734040659822634,6.3521987881721,2.5,1.6772884830723696
-0.19047878448760672,6.381168563483248,2.5,1.6772884830723696
-0.1935352713224078,6.410147079816568,2.5,1.6738779353175968
-0.19651099111786244,6.43913399945855,2.5,1.6704649792860586
-0.1994069930742362,6.468129002053374,2.5,1.6670496920185225
-0.20222432639179455,6.497131767245225,2.5,1.6636321508785636
-0.2049640402708039,6.5261419746782945,2.5,1.6636321508785636
-0.2076271839115297,6.555159303996762,2.5,1.6602124335424866
-0.2102148064181138,6.584183434977385,2.5,1.6567906179891374
-0.21272794301618203,6.613214066537766,2.5,1.6533667824896137
-0.21516760067484622,6.642250936566046,2.5,1.6533667824896137
-0.21753478292726086,6.671293787689145,2.5,1.649941005596874
-0.219830493306581,6.700342362533985,2.5,1.6462541583742467
-0.22205573534596088,6.729396403727481,2.5,1.6462541583742467
-0.2242115125785556,6.758455653896556,2.5,1.6428363921817246
-0.22629883172685816,6.787519856042379,2.5,1.639416939228043
-0.22831883082289725,6.816588768574619,2.5,1.639416939228043
-0.2302728228367326,6.845662170431033,2.5,1.6359958782865507
-0.2321621328791894,6.874739841974026,2.5,1.6325732883552462
-0.23398808606109298,6.903821563566005,2.5,1.6325732883552462
-0.23575200749326902,6.932907115569384,2.5,1.6291492486460382
-0.2374552222865428,6.961996278346567,2.5,1.6257238385739279
-0.2390990936861055,6.991088832197237,2.5,1.6257238385739279
-0.2406856921490951,7.020184556257834,2.5,1.6222971377461222
-0.24221771214673007,7.049283228638389,2.5,1.6222971377461222
-0.2436978695632712,7.078384627413715,2.5,1.61886922595108
-0.24512888028297966,7.107488530658631,2.5,1.61886922595108
-0.24651346019011622,7.136594716447947,2.5,1.6154401831474947
-0.24785432516894176,7.165702962856474,2.5,1.6154401831474947
-0.24915404314000308,7.194813057684763,2.5,1.6154401831474947
-0.25041368342000353,7.223924887237356,2.5,1.6120100894532168
-0.2516334442148994,7.253038395077352,2.5,1.6120100894532168
-0.2528135129647826,7.282153525475508,2.5,1.608579025134121
-0.2539540771097447,7.311270222702565,2.5,1.608579025134121
-0.2550553240898773,7.340388431029273,2.5,1.608579025134121
-0.25611744134527226,7.369508094726381,2.5,1.6051470705929216
-0.2571404599175936,7.398629161730621,2.5,1.6051470705929216
-0.258123463084555,7.427751602194324,2.5,1.6017143063579393
-0.25906517898666065,7.456875394594257,2.5,1.6017143063579393
-0.2599643351389378,7.4860005174218385,2.5,1.6017143063579393
-0.26081965905641413,7.515126949168486,2.5,1.5982808130718242
-0.26162987825411743,7.544254668325625,2.5,1.5982808130718242
-0.2623937202467286,7.573383653384608,2.5,1.5948466714802378
-0.2631098700903322,7.6025138749326295,2.5,1.5948466714802378
-0.26377685315486016,7.63164527382941,2.5,1.5914119624205003
-0.264393157275875,7.660777783947205,2.5,1.5914119624205003
-0.2649572702889396,7.689911339158282,2.5,1.5879767668102027
-0.2654676800296165,7.719045873334896,2.5,1.5879767668102027
-0.2659228743334685,7.748181320349305,2.5,1.5845411656357937
-0.2663213410067819,7.777317614015638,2.5,1.5811052399411398
-0.2666615594971229,7.806454671549942,2.5,1.5811052399411398
-0.2669419894150821,7.835592370777589,2.5,1.577669070816067
-0.26716108749292133,7.864730583808403,2.5,1.577669070816067
-0.2673173104629025,7.893869182752202,2.5,1.5742327393848843
-0.2674091150572873,7.923008039718804,2.5,1.5707963267948966
-0.26743495800833766,7.952147026818033,2.5,1.5707963267948966
-0.26739329861370525,7.981286015743529,2.5,1.567359914204909
-0.26728274759420395,8.010424853623965,2.5,1.5639235827737261
-0.26710214895009143,8.039563349743734,2.5,1.5604874136486533
-0.26685036658287525,8.068701310158687,2.5,1.5604874136486533
-0.2665262643940631,8.097838540924682,2.5,1.5570514879539996
-0.2661287062851624,8.126974848097579,2.5,1.5536158867795904
-0.26565655615768086,8.156110037733235,2.5,1.5536158867795904
-0.2651086789614714,8.185243914803728,2.5,1.5501806911692928
-0.26448396455188977,8.21437625853377,2.5,1.5467459821095553
-0.2637813281388068,8.243506821936514,2.5,1.543311840517969
-0.2629996860702495,8.272635356848486,2.5,1.539878347231854
-0.26213795469424495,8.301761615106217,2.5,1.539878347231854
-0.2611950503588205,8.33088534854623,2.5,1.5364455829968717
-0.2601698894120032,8.36000630900506,2.5,1.5330136284556724
-0.25906138876829493,8.3891242452291,2.5,1.5295825641365763
-0.2578684723245768,8.4182388678758,2.5,1.5261524704422984
-0.25659006867851614,8.447349861959772,2.5,1.5227234276387132
-0.25522510651542435,8.476456912017523,2.5,1.5192955158436712
-0.2537725145206129,8.505559702585561,2.5,1.5192955158436712
-0.25223122137939286,8.534657918200404,2.5,1.5158688150158655
-0.2506001557770754,8.563751243398556,2.5,1.512443404943755
-0.24887825589918772,8.592839357555782,2.5,1.509019365234547
-0.2470645283200044,8.621921902897434,2.5,1.5055967753032427
-0.24515800956645442,8.650998505377858,2.5,1.5021757143617502
-0.24315773629239587,8.680068790882448,2.5,1.4987562614080687
-0.24106274515168644,8.70913238529661,2.5,1.4953384952155464
-0.2388720727981843,8.73818891450573,2.5,1.4916516479929194
-0.23658475588574754,8.767238004395207,2.5,1.4882258711001797
-0.23419984142097314,8.796279271627315,2.5,1.484802035600656
-0.23171642230540845,8.825312291977081,2.5,1.4813802200473065
-0.22913360415411796,8.854336629893215,2.5,1.4779605027112295
-0.22645049258262703,8.883351849824026,2.5,1.4745429615712708
-0.2236661932064618,8.912357516217812,2.5,1.4711276743037347
-0.2207798116411483,8.941353193522879,2.5,1.4677147182721964
-0.21779045351278106,8.970338446167364,2.5,1.4643041705174238
-0.21469723239902572,8.999312823409342,2.5,1.4608961077474072
-0.21149928395508324,9.028275832387203,2.5,1.457490606327504
-0.2081957476367714,9.057226972988486,2.5,1.4536875822280324
-0.2047857628999093,9.086165745100732,2.5,1.4502759960257312
-0.2012684692003148,9.11509164861149,2.5,1.4468672266005789
-0.1976430059938066,9.144004183408292,2.5,1.4434613495834714
-0.19390851270789783,9.17290284911384,2.5,1.4400584402086063
-0.19006412619768234,9.201787121281733,2.5,1.4332618232834964
-0.1861089787255156,9.230656432493115,2.5,1.4298682641355178
-0.18204220207831817,9.259510210880684,2.5,1.4259838285559576
-0.17786292804300954,9.288347884577137,2.5,1.4225856115482551
-0.17357028840651026,9.317168881715169,2.5,1.4191908393566237
-0.16916341495574103,9.345972630427466,2.5,1.4157995848709557
-0.1646414386706897,9.374758557551012,2.5,1.4124119205065304
-0.16000346525186954,9.403526049330447,2.5,1.405082677688969
-0.15524857070477674,9.432274444327875,2.5,1.4016951007935197
-0.15037582933768565,9.461003078380116,2.5,1.3983114378796113
-0.1453843154588719,9.489711287323969,2.5,1.3949317595123096
-0.1402731033766113,9.518398406996242,2.5,1.3915561357265014
-0.13504126739917804,9.547063773233747,2.5,1.384182020363431
-0.1296878783906713,9.575706717872848,2.5,1.380808038876181
-0.12421195483190828,9.60432651190623,2.5,1.377438430063803
-0.11861247444069226,9.632922378979973,2.5,1.3740732617999252
-0.11288841386063167,9.661493541492447,2.5,1.3700292355528294
-0.10703874973533506,9.690039221842035,2.5,1.363300100359694
-0.10106245870840916,9.71855864242712,2.5,1.3599426293212176
-0.09495851742346247,9.74705102564608,2.5,1.3565899768082161
-0.0887258958858426,9.775515584092217,2.5,1.3491467638162191
-0.08236350697885478,9.803951445986494,2.5,1.345798351504753
-0.07587023444955618,9.832357696514025,2.5,1.342455063511728
-0.06924496181231078,9.860733420516238,2.5,1.3349840735960996
-0.06248657258148066,9.889077702834566,2.5,1.331646073939167
-0.055593950271430485,9.917389628310424,2.5,1.3283134987518965
-0.048565978396522276,9.945668281785245,2.5,1.3208177053340742
-0.04140152254805123,9.973912725766565,2.5,1.3174914614087054
-0.034099354558335404,10.002121905929112,2.5,1.3141709357326403
-0.026658215703563547,10.03029472987171,2.5,1.3066533435134982
-0.019076847243189143,10.058430105172325,2.5,1.3033401843065604
-0.011353990436665722,10.086526939408921,2.5,1.29673193658387
-0.003488386543444572,10.11458414015947,2.5,1.2924966677897853
0.004521223189604191,10.142600614988494,2.5,1.2859054261426246
0.012676145237127517,10.170575220502064,2.5,1.2816429175162072
0.020977841654324262,10.198506647172694,2.5,1.27835333934286
0.029427806149399577,10.226393551672864,2.5,1.2707814792400471
0.03802753243055858,10.254234590675054,2.5,1.264228987340472
0.04677851420600889,10.282028420851752,2.5,1.2599149095755247
0.055682245183955606,10.309773698875437,2.5,1.2533841399738772
0.0647402193473304,10.337469080861744,2.5,1.2490457723982544
0.0739539734249507,10.365113136284121,2.5,1.2425382720678424
0.08332513284211313,10.392704254835945,2.5,1.2381766352209842
0.09285533405458954,10.420240803852769,2.5,1.2316939348989533
0.10254621351815463,10.447721150670166,2.5,1.2240781062513184
0.11239940768858024,10.475143662623692,2.5,1.220853677584258
0.12241655302163824,10.502506707048905,2.5,1.2132304752184657
0.13259928455818487,10.529808649201337,2.5,1.2088063517505407
0.1429491765905869,10.557047765031655,2.5,1.2023912697623258
0.15346772100329503,10.584222209344668,2.5,1.1947513604899485
0.1641564038072915,10.611330128310751,2.5,1.1871011849803923
0.17501671101355437,10.63836966810027,2.5,1.1839206090638685
0.1860501286330659,10.665338974883595,2.5,1.1762691986412728
0.19725814267680514,10.692236194831093,2.5,1.1686096736768565
0.2086422319897479,10.719059469357619,2.5,1.1609429213239402
0.22020373852551137,10.745806849033947,2.5,1.1577966100742025
0.23194388126915402,10.772476302826247,2.5,1.1501329776618616
0.24386387483433833,10.799065796799734,2.5,1.1424642898643105
0.25596493383473035,10.82557329701963,2.5,1.1347914444368148
0.2682482728839926,10.851996769551146,2.5,1.127115342066056
0.28071510659578763,10.878334180459499,2.5,1.1194368857384163
0.2933666297816355,10.90458348833183,2.5,1.1163509120245914
0.3062038318407379,10.930742574183425,2.5,1.1086824589227398
0.3192275805414611,10.956809273096924,2.5,1.1010138254362145
0.3324387420626415,10.982781419554705,2.5,1.0933459134374706
0.34583818258311144,11.008656848039141,2.5,1.0856796242899784
0.35942676828170345,11.034433393032602,2.5,1.0780158582128707
0.37320536533725385,11.060108889017467,2.5,1.0703555136476026
0.3871747841111463,11.085681172864058,2.5,1.0626994866277424
0.40133548944997643,11.111148096224328,2.5,1.0550486701529922
0.4156878141555435,11.136507516399302,2.5,1.0486638733031506
0.4302320907649769,11.161757290701322,2.5,1.0409896356072286
0.44496865181540596,11.186895276442728,2.5,1.0333231939559702
0.4598978298439641,11.211919330935872,2.5,1.0256654361783868
0.475019957387843,11.236827311492936,2.5,1.018017244020397
0.4903353922666869,11.261617011208145,2.5,1.010379492551162
0.5058445893590686,11.286285976644017,2.5,1.00090423104662
0.5215480268312135,11.310831695211917,2.5,0.9932695304928072
0.5374461828493526,11.335251654323226,2.5,0.9856481398527538
0.5535395355797127,11.359543341389314,2.5,0.9780409073241562
0.5698285631885203,11.383704243821544,2.5,0.9685089806599324
0.5863137439782025,11.4077318485734,2.5,0.9609132956143038
0.6029955992909543,11.431623497894359,2.5,0.9533345675610503
0.6198747546135245,11.455376183889571,2.5,0.943765931581229
0.6369518508745551,11.47898684674704,2.5,0.9362051946876161
0.6542275290026831,11.502452426654756,2.5,0.9266088763111672
0.671702429926546,11.525769863800713,2.5,0.9190705919420614
0.6893771945747857,11.548936098372913,2.5,0.9094522250613288
0.7072524550534093,11.571948075143014,2.5,0.9019408168841085
0.7253282962809195,11.594803023165989,2.5,0.8923060716632067
0.7436039446210877,11.617498617546435,2.5,0.8826513616490141
0.7620785513527839,11.640032572398207,2.5,0.8751804729384428
0.7807512677548785,11.662402601835165,2.5,0.8655182564412627
0.7996212451062467,11.684606419971168,2.5,0.8558410252510245
0.8186876346857587,11.706641740920075,2.5,0.8484213855289322
0.8379495626283989,11.728506301027181,2.5,0.8387455560697399
0.8574055377899997,11.750198382416746,2.5,0.831593984327404
0.8770534292882961,11.771716832849464,2.5,0.8218783225203979
0.8968910766035533,11.79306052629055,2.5,0.8145161449044872
0.9169163192160416,11.814228336705234,2.5,0.8048131992997665
0.9371269966060259,11.83521913805874,2.5,0.7951065962315571
0.9575209482537713,11.856031804316283,2.5,0.7853981633974483
0.9780959806514221,11.876665259814862,2.5,0.7781343686344943
0.9988494831987835,11.897119065777606,2.5,0.7708360860047098
1.019778559336406,11.917393220077939,2.5,0.7611310834159891
1.0408803069203352,11.937487729116631,2.5,0.7514306507190253
1.0621518238066172,11.957402599294445,2.5,0.7440591972841669
1.0835902078513049,11.977137837012153,2.5,0.7368925511570648
1.1051925569104442,11.996693448670518,2.5,0.727211492583844
1.1269560039120117,12.01606944037136,2.5,0.7197989915664095
1.1488779398504045,12.035265816016805,2.5,0.7101149200790048
1.1709558709426982,12.054282578526838,2.5,0.7026606456574414
1.1931873039400358,12.073119730816884,2.5,0.6956158538564539
1.2155697455935668,12.09177727580239,2.5,0.6881449651458825
1.2381007026544342,12.110255216398778,2.5,0.6784902551316899
1.2607776818737808,12.128553555521485,2.5,0.6709855950702119
1.283598127165463,12.146672451807945,2.5,0.6613441017335677
1.306559198080398,12.164612768597552,2.5,0.6565319212587808
1.3296579737692786,12.182375568475768,2.5,0.648995558996501
1.352891533377857,12.19996191404031,2.5,0.6393859056861728
1.3762569560518798,12.217372867888908,2.5,0.6318258151424716
1.399751320937092,12.234609492619274,2.5,0.6270303952136677
1.4233717073231027,12.251672850802358,2.5,0.619450764107943
1.4471153207306566,12.268563981513998,2.5,0.6098830311805928
1.4709797241992493,12.285283857285904,2.5,0.6022873461349642
1.494962543624573,12.301833438950515,2.5,0.5975170642976162
1.519061404902314,12.318213687340265,2.5,0.5899073631487676
1.543273933928157,12.334425563287587,2.5,0.5822829328415702
1.5675977565977952,12.35047002762492,2.5,0.5775267963020894
1.5920305007301276,12.366348039711768,2.5,0.5698920957482766
1.6165699798200037,12.382060416703967,2.5,0.5622449426486904
1.6412143450949601,12.397607717097987,2.5,0.5575068175990436
1.6659617835728104,12.41299047197958,2.5,0.549853182676585
1.6908104822713783,12.428209212434504,2.5,0.5451308906165099
1.7157586282084798,12.443264469548515,2.5,0.5374731328389264
1.740804408401931,12.45815677440736,2.5,0.529806691187668
1.765946014651435,12.472886653987699,2.5,0.525108564883572
1.7911817942177437,12.487454501677417,2.5,0.5174418125306558
1.816510280281337,12.501860551102299,2.5,0.5097687250153173
1.8419300169575117,12.516105026491761,2.5,0.5050985070589973
1.8674395483615571,12.530188152075231,2.5,0.4974289158121722
1.8930374186087624,12.544110152082126,2.5,0.49278046858202595
1.9187221718144247,12.557871250741872,2.5,0.48511670250491806
1.944492360306661,12.571471663021779,2.5,0.47745041335742605
1.970346664798012,12.584911459102166,2.5,0.47439988279190737
1.996283867720283,12.598190594448306,2.5,0.4667197959559125
2.022302754294288,12.611309021380126,2.5,0.4621138678721569
2.048402109740842,12.624266692217553,2.5,0.4544454147703052
2.0745807192807657,12.637063559280515,2.5,0.446778043798313
2.100837368134874,12.649699574888938,2.5,0.44368098472884054
2.1271708484598704,12.662174684681917,2.5,0.4360048823580817
2.153580013475091,12.674488775481416,2.5,0.431450150773489
2.1800637481375453,12.686641703538832,2.5,0.42379142585828267
2.206620937675526,12.698633324844247,2.5,0.4175264929862949
2.233250467317335,12.710463495387744,2.5,0.4129997167206941
2.259951222291267,12.72213207115941,2.5,0.40534203389085816
2.2867220878256154,12.733638908149326,2.5,0.3990227791803739
2.313561946075159,12.744983882859469,2.5,0.39452712815362384
2.3404696627777097,12.756166981354294,2.5,0.3868757177310281
2.367444098212137,12.767188226129877,2.5,0.3836951418145043
2.394484112653636,12.778047639706761,2.5,0.3760449663049482
2.421588566377402,12.788745244605495,2.5,0.3684050570325709
2.448756319658639,12.799281063346628,2.5,0.36520144978817304
2.4759862327692423,12.809655118468234,2.5,0.35756585157643095
2.5032771491475865,12.819867521993766,2.5,0.3531595067158782
2.5306278562262654,12.829918683667975,2.5,0.34671822054357815
2.5580371298051285,12.839809075074099,2.5,0.3391023918959434
2.5855037456840275,12.849539167795376,2.5,0.33586470938896257
2.6130264796628198,12.859109433415048,2.5,0.3282580547270541
2.6406041075413564,12.868520343516348,2.5,0.32500787186664803
2.6682354050200328,12.877772370704688,2.5,0.3174121868210194
2.6959191310798394,12.88686615942407,2.5,0.310881417219372
2.7236540093433397,12.895802717524846,2.5,0.3065673394544246
2.7514387589364544,12.904583099072878,2.5,0.30001484755484953
2.7792720989851154,12.913208358134026,2.5,0.29572606246399447
2.807152748615245,12.921679548774154,2.5,0.2891534092786894
2.8350794269527655,12.929997725059119,2.5,0.28489090065227207
2.8630508534931445,12.938163945547137,2.5,0.27829965900511133
2.891065764290377,12.946179470094178,2.5,0.2740643902110265
2.9191229182708507,12.954045836609842,2.5,0.2674561424883362
2.9472210760347215,12.96176460335116,2.5,0.2641429832813985
2.975358998182135,12.969337328575165,2.5,0.25662539106225635
3.003535445313237,12.976765570538882,2.5,0.2533048653861912
3.031749178028182,12.984050887499352,2.5,0.2466467182937207
3.0599989597678614,12.991194847289167,2.5,0.24248282804300006
3.0882836098912607,12.998199206229105,2.5,0.2391502528557297
3.116601998894887,13.005065893013875,2.5,0.23167936414515844
3.1449529991574923,13.011796842682829,2.5,0.2283412632831686
3.173335483057833,13.01839399027533,2.5,0.2249979752901438
3.2017483229746615,13.024859270830724,2.5,0.21829608981366624
3.230190391286727,13.031194619388373,2.5,0.2142063499866805
3.2586605686530423,13.037401987221273,2.5,0.21085369747367916
3.2871578237189203,13.04348349810174,2.5,0.20749622643520266
3.315681178199206,13.049441379846215,2.5,0.20076709124206712
3.3442296545410986,13.055277861706923,2.5,0.1967230649949714
3.3728022751917894,13.060995172936087,2.5,0.19335789673109366
3.401398062598471,13.066595542785935,2.5,0.18998828791871572
3.430016039208342,13.072081200508688,2.5,0.18661430643146565
3.458655249042228,13.077454367987093,2.5,0.1826116907753578
3.4873148725414516,13.082717220503131,2.5,0.17924019106839517
3.5159941433174304,13.087871915176063,2.5,0.17248488891528527
3.5446922951020583,13.09292060908399,2.5,0.16910122600137703
3.5734085616272275,13.097865459305023,2.5,0.16571364910592756
3.602142176624841,13.10270862291726,2.5,0.16176840859910682
3.6308923738267973,13.107452256998823,2.5,0.15838440628836628
3.659658403413435,13.112098554329185,2.5,0.15838440628836628
3.6884395800208107,13.116649847589006,2.5,0.15499674192394097
3.717235234071159,13.121108503722889,2.5,0.15160548743827285
3.7460446959867166,13.125476889675435,2.5,0.14821071524664145
3.774867296189728,13.129757372391241,2.5,0.14481249823893905
3.8037023651024287,13.133952318814913,2.5,0.1414109097712903
3.832549233220106,13.138064096568128,2.5,0.13753450351140026
3.8614072567070834,13.14209531119589,2.5,0.13753450351140026
3.8902758550610637,13.146049155272737,2.5,0.13413775349067003
3.9191544573750248,13.149928910310816,2.5,0.1307378865862903
3.948042492741948,13.153737857822273,2.5,0.12733497721142534
3.9769393902548176,13.157479279319258,2.5,0.12733497721142534
4.005844579006614,13.161156456313917,2.5,0.12392910019431766
4.034757491293925,13.164772649144343,2.5,0.12392910019431766
4.0636777684276275,13.168329736681628,2.5,0.1205203307691654
4.092605385737371,13.17182739012027,2.5,0.11710874456686428
4.121540348492781,13.175265082768373,2.5,0.11710874456686428
4.150482661963479,13.178642287934021,2.5,0.1136944176056164
4.179432331419092,13.181958478925315,2.5,0.11330572046739261
4.20838936212924,13.185213129050346,2.5,0.10990021904748945
4.237353764068454,13.188405614943912,2.5,0.10649215627747284
4.266325666626396,13.191532859572144,2.5,0.10649215627747284
4.295305325184414,13.194589197101845,2.5,0.10308160852270022
4.3242930011452465,13.197568837976025,2.5,0.09966865249116201
4.353288955911626,13.200465992637703,2.5,0.0962533652236258
4.382293450886305,13.203274871529894,2.5,0.09283582408366713
4.411306747472016,13.205989685095618,2.5,0.08941610674759004
4.4403290854764546,13.208604797096712,2.5,0.08599429119424074
4.4693604245664895,13.21111656021774,2.5,0.082570455694717
4.498400528821917,13.213522715757529,2.5,0.07914467880197726
4.527449158325543,13.21582103339241,2.5,0.07545783157935013
4.5565060731601905,13.218009282798716,2.5,0.07204006538682789
4.585571033408664,13.220085233652785,2.5,0.06862061243314649
4.614643799153776,13.22204665563094,2.5,0.061776961560349605
4.6437241124626185,13.223891506194004,2.5,0.05835292185114158
4.672811579887095,13.225619155327804,2.5,0.05492751177903118
4.70190574630173,13.227229615904182,2.5,0.051500810951225474
4.731006156269439,13.228722904043234,2.5,0.048072899156183395
4.760112354353115,13.230099035865054,2.5,0.04464385635259815
4.7892238851156606,13.231358027489739,2.5,0.037782698339224374
4.818340293119978,13.232499895037376,2.5,0.034350743798024934
4.847461119686795,13.233524812696029,2.5,0.030917979563042645
4.876585891159084,13.234433684874114,2.5,0.027484486276927525
4.905714129557681,13.235227626700834,2.5,0.024050344685341334
4.934845356902999,13.23590775332556,2.5,0.020615635625603757
4.963979095215446,13.236475179897678,2.5,0.01718044001530618
4.99311486651544,13.236931021566573,2.5,0.010308913146243283
5.022252192825531,13.23727639308366,2.5,0.006872744021170397
5.051390598384769,13.237511997716561,2.5,0.0034364125899876458
5.080529613836257,13.23763734983527,2.5,0.0
5.109668770972912,13.237651750350711,2.5,-0.0034364125899876458
5.138807601587653,13.237554500173806,2.5,-0.006872744021170397
5.167945637473399,13.237344900215476,2.5,-0.010308913146243283
5.197082410423062,13.237022251386644,2.5,-0.013744838840897116
5.226217452694629,13.236585865337013,2.5,-0.01718044001530618
5.255350344325581,13.236036157003008,2.5,-0.024050344685341334
5.284480753898845,13.235375585942398,2.5,-0.027484486276927525
5.313608359601644,13.234606833487865,2.5,-0.030917979563042645
5.342732839621202,13.233732580972084,2.5,-0.034350743798024934
5.371853872144737,13.232755509727742,2.5,-0.037782698339224374
5.400971135359486,13.23167830108751,2.5,-0.0412137626583202
5.430084315128936,13.230503664065617,2.5,-0.04464385635259815
5.459193356456124,13.229235242164307,2.5,-0.048072899156183395
5.4882985198679215,13.22787781670233,2.5,-0.048072899156183395
5.517400084981513,13.22643623784039,2.5,-0.051500810951225474
5.5464983314140825,13.224915355739192,2.5,-0.05492751177903118
5.575593538782829,13.223320020559433,2.5,-0.05835292185114158
5.604685986704933,13.22165508246182,2.5,-0.05835292185114158
5.633775875173614,13.219924639262926,2.5,-0.061776961560349605
5.662862124507942,13.218120697503856,2.5,-0.06519955149165402
5.691942622742643,13.216225509965854,2.5,-0.06862061243314649
5.721015228483366,13.214221051363277,2.5,-0.07204006538682789
5.750077800335778,13.212089296410486,2.5,-0.07887383247268004
5.779128196905528,13.209812219821842,2.5,-0.082570455694717
5.808164276798273,13.207371796311705,2.5,-0.08941610674759004
5.837183939115707,13.204750827655557,2.5,-0.0962533652236258
5.866185447771357,13.201939566274975,2.5,-0.10308160852270022
5.895167259883131,13.19893221045423,2.5,-0.10990021904748945
5.924127834332896,13.195722994503685,2.5,-0.11710874456686428
5.953065630002526,13.1923061527337,2.5,-0.12392910019431766
5.981979105773896,13.188675919454642,2.5,-0.1307378865862903
6.010866720528877,13.184826528976872,2.5,-0.14092806265937888
6.039726585593441,13.18075272650265,2.5,-0.14821071524664145
6.068554916649429,13.176452043747915,2.5,-0.15499674192394097
6.09734728627462,13.171922957763286,2.5,-0.16514867741462683
6.126099266525023,13.167163946366388,2.5,-0.17248488891528527
6.154806429456652,13.16217348737483,2.5,-0.17924019106839517
6.183464347125513,13.156950058606231,2.5,-0.18998828791871572
6.212068591838632,13.15149213773571,2.5,-0.19739555984988075
6.2406165254837935,13.145797186534375,2.5,-0.2041340023324851
6.26911158632685,13.139859217352626,2.5,-0.21493761990728322
6.297558501090846,13.13367151111322,2.5,-0.22164956297867758
6.325961996498828,13.12722734873892,2.5,-0.23167936414515844
6.354326799273842,13.120520011152475,2.5,-0.24248282804300006
6.382657636138933,13.113542779276653,2.5,-0.2524474039178274
6.410959178079351,13.1062889747029,2.5,-0.25906223894972435
6.439225944115965,13.098759326332216,2.5,-0.26984915593846925
6.467430570356326,13.090970529779673,2.5,-0.27735936779186815
6.495542847409928,13.082941356858038,2.5,-0.2881770423807659
6.52353256588626,13.074690579380079,2.5,-0.29672857430571725
6.551369516394812,13.066236969158554,2.5,-0.30103378040285755
6.579023489545086,13.057599298006231,2.5,-0.31076198571390856
6.606465384053539,13.048795602365379,2.5,-0.318450236346155
6.633717963875417,13.039809499468637,2.5,-0.3261558122434531
6.660876944326889,13.030576194004048,2.5,-0.3360196188252831
6.688043520513801,13.021027254119385,2.5,-0.3478883912799954
6.715318887542022,13.011094247962413,2.5,-0.3615572872614602
6.7428042405174,13.0007087436809,2.5,-0.37366568779788295
6.770600774545789,12.98980230942261,2.5,-0.387213593605095
6.798797713293603,12.978314530808397,2.5,-0.3997810982427968
6.827241369945187,12.966347674668855,2.5,-0.4070221622696715
6.855551905901651,12.954155465463618,2.5,-0.4135420895488671
6.883340868234824,12.94199739681263,2.5,-0.4164984079239571
6.910219804016518,12.930132962335833,2.5,-0.41568442212372936
6.935800260318549,12.918821655653169,2.5,-0.41394586482597007
6.959693784212734,12.908322970384583,2.5,-0.40929219792623106
6.981609756229491,12.898830822530362,2.5,-0.41012734054149097
7.002322663501694,12.889825188742575,2.5,-0.4266274931268761
7.023261356554759,12.8803474268788,2.5,-0.44938832595818734
7.045864208631616,12.869432511733432,2.5,-0.4775570673832111
7.071569592975199,12.856115418100874,2.5,-0.5051283408845798
7.1018158828284434,12.839431120775519,2.5,-0.5256664723443114
7.138041451434287,12.818414594551763,2.5,-0.5424547756149893
7.181310176591655,12.79234293490547,2.5,-0.5538155431876155
7.230266606946051,12.76205739418729,2.5,-0.5628845136595448
7.282593700639562,12.7290209170854,2.5,-0.5709587995525701
7.33597196723195,12.694698031357765,2.5,-0.5795395539332341
7.388081916282981,12.660553264762346,2.5,-0.5903778959925269
7.436604057352404,12.628051145057107,2.5,-0.6040783889959581
